0, C_TLEAST_L_NONE_M_NONE_LV_SAME, 96158, 8113, 20510, 5899, 4, "['--seed=3347', '--account-count=9988', '--transfer-count=15712', '--account-batch-size=21', '--transfer-batch-size=20', '--id-order=sequential', '--account-distribution=zipfian']"
0, C_LOW_TVR_L_NONE_M_NONE_LV_SAME, 90362, 7203, 18427, 4636, 3, "['--seed=3347', '--account-count=9988', '--transfer-count=15712', '--account-batch-size=21', '--transfer-batch-size=20', '--id-order=sequential', '--account-distribution=zipfian']"
0, C_LOW_TVR_L_POST_SINGLE_NONFULL_M_NONE_LV_SAME, 99123, 5964, 17157, 2052, 3, "['--seed=3347', '--account-count=9988', '--transfer-count=15712', '--account-batch-size=21', '--transfer-batch-size=20', '--id-order=sequential', '--account-distribution=zipfian']"
0, C_LOW_TVR_L_POST_SINGLE_LTHALF_M_NONE_LV_SAME, 93608, 6499, 17665, 3513, 3, "['--seed=3347', '--account-count=9988', '--transfer-count=15712', '--account-batch-size=21', '--transfer-batch-size=20', '--id-order=sequential', '--account-distribution=zipfian']"
0, C_LOW_TVR_L_POST_SINGLE_GTHALF_M_NONE_LV_SAME, 104081, 7116, 18404, 2906, 3, "['--seed=3347', '--account-count=9988', '--transfer-count=15712', '--account-batch-size=21', '--transfer-batch-size=20', '--id-order=sequential', '--account-distribution=zipfian']"
0, C_LOW_TVR_L_WITH_SINGLE_NONFULL_M_NONE_LV_SAME, 96610, 6014, 17223, 2240, 3, "['--seed=3347', '--account-count=9988', '--transfer-count=15712', '--account-batch-size=21', '--transfer-batch-size=20', '--id-order=sequential', '--account-distribution=zipfian']"
0, C_LOW_TVR_L_WITH_SINGLE_LTHALF_M_NONE_LV_SAME, 92382, 6507, 17722, 3585, 3, "['--seed=3347', '--account-count=9988', '--transfer-count=15712', '--account-batch-size=21', '--transfer-batch-size=20', '--id-order=sequential', '--account-distribution=zipfian']"
0, C_LOW_TVR_L_WITH_SINGLE_GTHALF_M_NONE_LV_SAME, 96471, 7141, 18424, 3736, 3, "['--seed=3347', '--account-count=9988', '--transfer-count=15712', '--account-batch-size=21', '--transfer-batch-size=20', '--id-order=sequential', '--account-distribution=zipfian']"
0, C_LOW_TVR_L_POST_MULTI_NONFULL_M_NONE_LV_SAME, 98863, 5955, 17133, 2043, 3, "['--seed=3347', '--account-count=9988', '--transfer-count=15712', '--account-batch-size=21', '--transfer-batch-size=20', '--id-order=sequential', '--account-distribution=zipfian']"
0, C_LOW_TVR_L_POST_MULTI_LTHALF_M_NONE_LV_SAME, 93504, 6494, 17655, 3512, 3, "['--seed=3347', '--account-count=9988', '--transfer-count=15712', '--account-batch-size=21', '--transfer-batch-size=20', '--id-order=sequential', '--account-distribution=zipfian']"
0, C_LOW_TVR_L_POST_MULTI_GTHALF_M_NONE_LV_SAME, 115294, 7110, 18397, 2920, 3, "['--seed=3347', '--account-count=9988', '--transfer-count=15712', '--account-batch-size=21', '--transfer-batch-size=20', '--id-order=sequential', '--account-distribution=zipfian']"
0, C_LOW_TVR_L_WITH_MULTI_NONFULL_M_NONE_LV_SAME, 95862, 6026, 17248, 2253, 3, "['--seed=3347', '--account-count=9988', '--transfer-count=15712', '--account-batch-size=21', '--transfer-batch-size=20', '--id-order=sequential', '--account-distribution=zipfian']"
0, C_LOW_TVR_L_WITH_MULTI_LTHALF_M_NONE_LV_SAME, 91734, 6524, 17710, 3581, 3, "['--seed=3347', '--account-count=9988', '--transfer-count=15712', '--account-batch-size=21', '--transfer-batch-size=20', '--id-order=sequential', '--account-distribution=zipfian']"
0, C_LOW_TVR_L_WITH_MULTI_GTHALF_M_NONE_LV_SAME, 102312, 7128, 18425, 3744, 3, "['--seed=3347', '--account-count=9988', '--transfer-count=15712', '--account-batch-size=21', '--transfer-batch-size=20', '--id-order=sequential', '--account-distribution=zipfian']"
0, C_LOW_TVR_L_POST_SINGLE_NONFULL_M_ANY_LV_SAME, 98669, 5978, 17297, 2035, 3, "['--seed=3347', '--account-count=9988', '--transfer-count=15712', '--account-batch-size=21', '--transfer-batch-size=20', '--id-order=sequential', '--account-distribution=zipfian']"
0, C_LOW_TVR_L_POST_SINGLE_LTHALF_M_ANY_LV_SAME, 92347, 6522, 17935, 3789, 3, "['--seed=3347', '--account-count=9988', '--transfer-count=15712', '--account-batch-size=21', '--transfer-batch-size=20', '--id-order=sequential', '--account-distribution=zipfian']"
0, C_LOW_TVR_L_POST_SINGLE_GTHALF_M_ANY_LV_SAME, 104945, 7607, 19049, 3215, 4, "['--seed=3347', '--account-count=9988', '--transfer-count=15712', '--account-batch-size=21', '--transfer-batch-size=20', '--id-order=sequential', '--account-distribution=zipfian']"
0, C_LOW_TVR_L_WITH_SINGLE_NONFULL_M_ANY_LV_SAME, 88198, 7757, 19173, 5661, 4, "['--seed=3347', '--account-count=9988', '--transfer-count=15712', '--account-batch-size=21', '--transfer-batch-size=20', '--id-order=sequential', '--account-distribution=zipfian']"
0, C_LOW_TVR_L_WITH_SINGLE_LTHALF_M_ANY_LV_SAME, 88596, 7793, 19234, 5709, 4, "['--seed=3347', '--account-count=9988', '--transfer-count=15712', '--account-batch-size=21', '--transfer-batch-size=20', '--id-order=sequential', '--account-distribution=zipfian']"
0, C_LOW_TVR_L_WITH_SINGLE_GTHALF_M_ANY_LV_SAME, 89042, 7840, 19327, 5786, 4, "['--seed=3347', '--account-count=9988', '--transfer-count=15712', '--account-batch-size=21', '--transfer-batch-size=20', '--id-order=sequential', '--account-distribution=zipfian']"
0, C_LOW_TVR_L_POST_MULTI_NONFULL_M_ANY_LV_SAME, 98553, 5950, 17295, 2037, 3, "['--seed=3347', '--account-count=9988', '--transfer-count=15712', '--account-batch-size=21', '--transfer-batch-size=20', '--id-order=sequential', '--account-distribution=zipfian']"
0, C_LOW_TVR_L_POST_MULTI_LTHALF_M_ANY_LV_SAME, 92163, 6496, 17906, 3780, 3, "['--seed=3347', '--account-count=9988', '--transfer-count=15712', '--account-batch-size=21', '--transfer-batch-size=20', '--id-order=sequential', '--account-distribution=zipfian']"
0, C_LOW_TVR_L_POST_MULTI_GTHALF_M_ANY_LV_SAME, 117259, 7600, 19035, 3168, 4, "['--seed=3347', '--account-count=9988', '--transfer-count=15712', '--account-batch-size=21', '--transfer-batch-size=20', '--id-order=sequential', '--account-distribution=zipfian']"
0, C_LOW_TVR_L_WITH_MULTI_NONFULL_M_ANY_LV_SAME, 89021, 7772, 19241, 5723, 4, "['--seed=3347', '--account-count=9988', '--transfer-count=15712', '--account-batch-size=21', '--transfer-batch-size=20', '--id-order=sequential', '--account-distribution=zipfian']"
0, C_LOW_TVR_L_WITH_MULTI_LTHALF_M_ANY_LV_SAME, 88489, 7699, 19089, 5555, 4, "['--seed=3347', '--account-count=9988', '--transfer-count=15712', '--account-batch-size=21', '--transfer-batch-size=20', '--id-order=sequential', '--account-distribution=zipfian']"
0, C_LOW_TVR_L_WITH_MULTI_GTHALF_M_ANY_LV_SAME, 89112, 7785, 19283, 5742, 4, "['--seed=3347', '--account-count=9988', '--transfer-count=15712', '--account-batch-size=21', '--transfer-batch-size=20', '--id-order=sequential', '--account-distribution=zipfian']"
0, C_LOW_TVR_L_POST_SINGLE_NONFULL_M_FULL_LV_SAME, 96620, 5973, 17189, 2229, 3, "['--seed=3347', '--account-count=9988', '--transfer-count=15712', '--account-batch-size=21', '--transfer-batch-size=20', '--id-order=sequential', '--account-distribution=zipfian']"
0, C_LOW_TVR_L_POST_SINGLE_LTHALF_M_FULL_LV_SAME, 92103, 6484, 17685, 3665, 3, "['--seed=3347', '--account-count=9988', '--transfer-count=15712', '--account-batch-size=21', '--transfer-batch-size=20', '--id-order=sequential', '--account-distribution=zipfian']"
0, C_LOW_TVR_L_POST_SINGLE_GTHALF_M_FULL_LV_SAME, 102723, 7123, 18412, 2901, 3, "['--seed=3347', '--account-count=9988', '--transfer-count=15712', '--account-batch-size=21', '--transfer-batch-size=20', '--id-order=sequential', '--account-distribution=zipfian']"
0, C_LOW_TVR_L_WITH_SINGLE_NONFULL_M_FULL_LV_SAME, 93271, 6015, 17229, 2532, 3, "['--seed=3347', '--account-count=9988', '--transfer-count=15712', '--account-batch-size=21', '--transfer-batch-size=20', '--id-order=sequential', '--account-distribution=zipfian']"
0, C_LOW_TVR_L_WITH_SINGLE_LTHALF_M_FULL_LV_SAME, 90118, 6536, 17748, 3730, 3, "['--seed=3347', '--account-count=9988', '--transfer-count=15712', '--account-batch-size=21', '--transfer-batch-size=20', '--id-order=sequential', '--account-distribution=zipfian']"
0, C_LOW_TVR_L_WITH_SINGLE_GTHALF_M_FULL_LV_SAME, 91512, 7130, 18417, 4332, 3, "['--seed=3347', '--account-count=9988', '--transfer-count=15712', '--account-batch-size=21', '--transfer-batch-size=20', '--id-order=sequential', '--account-distribution=zipfian']"
0, C_LOW_TVR_L_POST_MULTI_NONFULL_M_FULL_LV_SAME, 97282, 5960, 17197, 2230, 3, "['--seed=3347', '--account-count=9988', '--transfer-count=15712', '--account-batch-size=21', '--transfer-batch-size=20', '--id-order=sequential', '--account-distribution=zipfian']"
0, C_LOW_TVR_L_POST_MULTI_LTHALF_M_FULL_LV_SAME, 92243, 6485, 17676, 3665, 3, "['--seed=3347', '--account-count=9988', '--transfer-count=15712', '--account-batch-size=21', '--transfer-batch-size=20', '--id-order=sequential', '--account-distribution=zipfian']"
0, C_LOW_TVR_L_POST_MULTI_GTHALF_M_FULL_LV_SAME, 117405, 7116, 18400, 2885, 3, "['--seed=3347', '--account-count=9988', '--transfer-count=15712', '--account-batch-size=21', '--transfer-batch-size=20', '--id-order=sequential', '--account-distribution=zipfian']"
0, C_LOW_TVR_L_WITH_MULTI_NONFULL_M_FULL_LV_SAME, 93185, 6024, 17251, 2559, 3, "['--seed=3347', '--account-count=9988', '--transfer-count=15712', '--account-batch-size=21', '--transfer-batch-size=20', '--id-order=sequential', '--account-distribution=zipfian']"
0, C_LOW_TVR_L_WITH_MULTI_LTHALF_M_FULL_LV_SAME, 90042, 6508, 17731, 3733, 3, "['--seed=3347', '--account-count=9988', '--transfer-count=15712', '--account-batch-size=21', '--transfer-batch-size=20', '--id-order=sequential', '--account-distribution=zipfian']"
0, C_LOW_TVR_L_WITH_MULTI_GTHALF_M_FULL_LV_SAME, 92612, 7114, 18391, 4325, 3, "['--seed=3347', '--account-count=9988', '--transfer-count=15712', '--account-batch-size=21', '--transfer-batch-size=20', '--id-order=sequential', '--account-distribution=zipfian']"
0, C_LOW_TVR_L_POST_SINGLE_NONFULL_M_LTHALF_LV_SAME, 97530, 5946, 17198, 2212, 3, "['--seed=3347', '--account-count=9988', '--transfer-count=15712', '--account-batch-size=21', '--transfer-batch-size=20', '--id-order=sequential', '--account-distribution=zipfian']"
0, C_LOW_TVR_L_POST_SINGLE_LTHALF_M_LTHALF_LV_SAME, 92045, 6517, 17727, 3664, 3, "['--seed=3347', '--account-count=9988', '--transfer-count=15712', '--account-batch-size=21', '--transfer-batch-size=20', '--id-order=sequential', '--account-distribution=zipfian']"
0, C_LOW_TVR_L_POST_SINGLE_GTHALF_M_LTHALF_LV_SAME, 103067, 7119, 18432, 2905, 3, "['--seed=3347', '--account-count=9988', '--transfer-count=15712', '--account-batch-size=21', '--transfer-batch-size=20', '--id-order=sequential', '--account-distribution=zipfian']"
0, C_LOW_TVR_L_WITH_SINGLE_NONFULL_M_LTHALF_LV_SAME, 90817, 6471, 17692, 3500, 3, "['--seed=3347', '--account-count=9988', '--transfer-count=15712', '--account-batch-size=21', '--transfer-batch-size=20', '--id-order=sequential', '--account-distribution=zipfian']"
0, C_LOW_TVR_L_WITH_SINGLE_LTHALF_M_LTHALF_LV_SAME, 89839, 6605, 17803, 3855, 3, "['--seed=3347', '--account-count=9988', '--transfer-count=15712', '--account-batch-size=21', '--transfer-batch-size=20', '--id-order=sequential', '--account-distribution=zipfian']"
0, C_LOW_TVR_L_WITH_SINGLE_GTHALF_M_LTHALF_LV_SAME, 88818, 7189, 18403, 4755, 3, "['--seed=3347', '--account-count=9988', '--transfer-count=15712', '--account-batch-size=21', '--transfer-batch-size=20', '--id-order=sequential', '--account-distribution=zipfian']"
0, C_LOW_TVR_L_POST_MULTI_NONFULL_M_LTHALF_LV_SAME, 97455, 5970, 17182, 2214, 3, "['--seed=3347', '--account-count=9988', '--transfer-count=15712', '--account-batch-size=21', '--transfer-batch-size=20', '--id-order=sequential', '--account-distribution=zipfian']"
0, C_LOW_TVR_L_POST_MULTI_LTHALF_M_LTHALF_LV_SAME, 91992, 6510, 17715, 3668, 3, "['--seed=3347', '--account-count=9988', '--transfer-count=15712', '--account-batch-size=21', '--transfer-batch-size=20', '--id-order=sequential', '--account-distribution=zipfian']"
0, C_LOW_TVR_L_POST_MULTI_GTHALF_M_LTHALF_LV_SAME, 116591, 7137, 18417, 2897, 3, "['--seed=3347', '--account-count=9988', '--transfer-count=15712', '--account-batch-size=21', '--transfer-batch-size=20', '--id-order=sequential', '--account-distribution=zipfian']"
0, C_LOW_TVR_L_WITH_MULTI_NONFULL_M_LTHALF_LV_SAME, 90983, 6472, 17678, 3487, 3, "['--seed=3347', '--account-count=9988', '--transfer-count=15712', '--account-batch-size=21', '--transfer-batch-size=20', '--id-order=sequential', '--account-distribution=zipfian']"
0, C_LOW_TVR_L_WITH_MULTI_LTHALF_M_LTHALF_LV_SAME, 89919, 6603, 17804, 3854, 3, "['--seed=3347', '--account-count=9988', '--transfer-count=15712', '--account-batch-size=21', '--transfer-batch-size=20', '--id-order=sequential', '--account-distribution=zipfian']"
0, C_LOW_TVR_L_WITH_MULTI_GTHALF_M_LTHALF_LV_SAME, 89906, 7194, 18422, 4766, 3, "['--seed=3347', '--account-count=9988', '--transfer-count=15712', '--account-batch-size=21', '--transfer-batch-size=20', '--id-order=sequential', '--account-distribution=zipfian']"
0, C_LOW_TVR_L_POST_SINGLE_NONFULL_M_GTHALF_LV_SAME, 97530, 5946, 17198, 2212, 3, "['--seed=3347', '--account-count=9988', '--transfer-count=15712', '--account-batch-size=21', '--transfer-batch-size=20', '--id-order=sequential', '--account-distribution=zipfian']"
0, C_LOW_TVR_L_POST_SINGLE_LTHALF_M_GTHALF_LV_SAME, 92045, 6517, 17727, 3664, 3, "['--seed=3347', '--account-count=9988', '--transfer-count=15712', '--account-batch-size=21', '--transfer-batch-size=20', '--id-order=sequential', '--account-distribution=zipfian']"
0, C_LOW_TVR_L_POST_SINGLE_GTHALF_M_GTHALF_LV_SAME, 103067, 7119, 18432, 2905, 3, "['--seed=3347', '--account-count=9988', '--transfer-count=15712', '--account-batch-size=21', '--transfer-batch-size=20', '--id-order=sequential', '--account-distribution=zipfian']"
0, C_LOW_TVR_L_WITH_SINGLE_NONFULL_M_GTHALF_LV_SAME, 90817, 6471, 17692, 3500, 3, "['--seed=3347', '--account-count=9988', '--transfer-count=15712', '--account-batch-size=21', '--transfer-batch-size=20', '--id-order=sequential', '--account-distribution=zipfian']"
0, C_LOW_TVR_L_WITH_SINGLE_LTHALF_M_GTHALF_LV_SAME, 89839, 6605, 17803, 3855, 3, "['--seed=3347', '--account-count=9988', '--transfer-count=15712', '--account-batch-size=21', '--transfer-batch-size=20', '--id-order=sequential', '--account-distribution=zipfian']"
0, C_LOW_TVR_L_WITH_SINGLE_GTHALF_M_GTHALF_LV_SAME, 88818, 7189, 18403, 4755, 3, "['--seed=3347', '--account-count=9988', '--transfer-count=15712', '--account-batch-size=21', '--transfer-batch-size=20', '--id-order=sequential', '--account-distribution=zipfian']"
0, C_LOW_TVR_L_POST_MULTI_NONFULL_M_GTHALF_LV_SAME, 97455, 5970, 17182, 2214, 3, "['--seed=3347', '--account-count=9988', '--transfer-count=15712', '--account-batch-size=21', '--transfer-batch-size=20', '--id-order=sequential', '--account-distribution=zipfian']"
0, C_LOW_TVR_L_POST_MULTI_LTHALF_M_GTHALF_LV_SAME, 91992, 6510, 17715, 3668, 3, "['--seed=3347', '--account-count=9988', '--transfer-count=15712', '--account-batch-size=21', '--transfer-batch-size=20', '--id-order=sequential', '--account-distribution=zipfian']"
0, C_LOW_TVR_L_POST_MULTI_GTHALF_M_GTHALF_LV_SAME, 116591, 7137, 18417, 2897, 3, "['--seed=3347', '--account-count=9988', '--transfer-count=15712', '--account-batch-size=21', '--transfer-batch-size=20', '--id-order=sequential', '--account-distribution=zipfian']"
0, C_LOW_TVR_L_WITH_MULTI_NONFULL_M_GTHALF_LV_SAME, 90983, 6472, 17678, 3487, 3, "['--seed=3347', '--account-count=9988', '--transfer-count=15712', '--account-batch-size=21', '--transfer-batch-size=20', '--id-order=sequential', '--account-distribution=zipfian']"
0, C_LOW_TVR_L_WITH_MULTI_LTHALF_M_GTHALF_LV_SAME, 89919, 6603, 17804, 3854, 3, "['--seed=3347', '--account-count=9988', '--transfer-count=15712', '--account-batch-size=21', '--transfer-batch-size=20', '--id-order=sequential', '--account-distribution=zipfian']"
0, C_LOW_TVR_L_WITH_MULTI_GTHALF_M_GTHALF_LV_SAME, 89906, 7194, 18422, 4766, 3, "['--seed=3347', '--account-count=9988', '--transfer-count=15712', '--account-batch-size=21', '--transfer-batch-size=20', '--id-order=sequential', '--account-distribution=zipfian']"
0, C_LOW_TVR_L_NONE_M_NONE_LV_S2NO-LYES, 90627, 7605, 19186, 5412, 3, "['--seed=3347', '--account-count=9988', '--transfer-count=15712', '--account-batch-size=21', '--transfer-batch-size=20', '--id-order=sequential', '--account-distribution=zipfian']"
0, C_LOW_TVR_L_POST_SINGLE_NONFULL_M_NONE_LV_S2NO-LYES, 96426, 6611, 19137, 4377, 3, "['--seed=3347', '--account-count=9988', '--transfer-count=15712', '--account-batch-size=21', '--transfer-batch-size=20', '--id-order=sequential', '--account-distribution=zipfian']"
0, C_LOW_TVR_L_POST_SINGLE_LTHALF_M_NONE_LV_S2NO-LYES, 93273, 6923, 19256, 5044, 3, "['--seed=3347', '--account-count=9988', '--transfer-count=15712', '--account-batch-size=21', '--transfer-batch-size=20', '--id-order=sequential', '--account-distribution=zipfian']"
0, C_LOW_TVR_L_POST_SINGLE_GTHALF_M_NONE_LV_S2NO-LYES, 95903, 7574, 19214, 4537, 4, "['--seed=3347', '--account-count=9988', '--transfer-count=15712', '--account-batch-size=21', '--transfer-batch-size=20', '--id-order=sequential', '--account-distribution=zipfian']"
0, C_LOW_TVR_L_WITH_SINGLE_NONFULL_M_NONE_LV_S2NO-LYES, 96490, 6593, 19244, 4460, 3, "['--seed=3347', '--account-count=9988', '--transfer-count=15712', '--account-batch-size=21', '--transfer-batch-size=20', '--id-order=sequential', '--account-distribution=zipfian']"
0, C_LOW_TVR_L_WITH_SINGLE_LTHALF_M_NONE_LV_S2NO-LYES, 93284, 6961, 19233, 5029, 3, "['--seed=3347', '--account-count=9988', '--transfer-count=15712', '--account-batch-size=21', '--transfer-batch-size=20', '--id-order=sequential', '--account-distribution=zipfian']"
0, C_LOW_TVR_L_WITH_SINGLE_GTHALF_M_NONE_LV_S2NO-LYES, 93460, 7573, 19214, 5029, 4, "['--seed=3347', '--account-count=9988', '--transfer-count=15712', '--account-batch-size=21', '--transfer-batch-size=20', '--id-order=sequential', '--account-distribution=zipfian']"
0, C_LOW_TVR_L_POST_MULTI_NONFULL_M_NONE_LV_S2NO-LYES, 96508, 6629, 19197, 4425, 3, "['--seed=3347', '--account-count=9988', '--transfer-count=15712', '--account-batch-size=21', '--transfer-batch-size=20', '--id-order=sequential', '--account-distribution=zipfian']"
0, C_LOW_TVR_L_POST_MULTI_LTHALF_M_NONE_LV_S2NO-LYES, 93273, 6923, 19256, 5044, 3, "['--seed=3347', '--account-count=9988', '--transfer-count=15712', '--account-batch-size=21', '--transfer-batch-size=20', '--id-order=sequential', '--account-distribution=zipfian']"
0, C_LOW_TVR_L_POST_MULTI_GTHALF_M_NONE_LV_S2NO-LYES, 101464, 7545, 19213, 4539, 4, "['--seed=3347', '--account-count=9988', '--transfer-count=15712', '--account-batch-size=21', '--transfer-batch-size=20', '--id-order=sequential', '--account-distribution=zipfian']"
0, C_LOW_TVR_L_WITH_MULTI_NONFULL_M_NONE_LV_S2NO-LYES, 96471, 6595, 19210, 4443, 3, "['--seed=3347', '--account-count=9988', '--transfer-count=15712', '--account-batch-size=21', '--transfer-batch-size=20', '--id-order=sequential', '--account-distribution=zipfian']"
0, C_LOW_TVR_L_WITH_MULTI_LTHALF_M_NONE_LV_S2NO-LYES, 93519, 6965, 19229, 5027, 3, "['--seed=3347', '--account-count=9988', '--transfer-count=15712', '--account-batch-size=21', '--transfer-batch-size=20', '--id-order=sequential', '--account-distribution=zipfian']"
0, C_LOW_TVR_L_WITH_MULTI_GTHALF_M_NONE_LV_S2NO-LYES, 95944, 7562, 19195, 4990, 3, "['--seed=3347', '--account-count=9988', '--transfer-count=15712', '--account-batch-size=21', '--transfer-batch-size=20', '--id-order=sequential', '--account-distribution=zipfian']"
0, C_LOW_TVR_L_POST_SINGLE_NONFULL_M_ANY_LV_S2NO-LYES, 94323, 6547, 19247, 4432, 3, "['--seed=3347', '--account-count=9988', '--transfer-count=15712', '--account-batch-size=21', '--transfer-batch-size=20', '--id-order=sequential', '--account-distribution=zipfian']"
0, C_LOW_TVR_L_POST_SINGLE_LTHALF_M_ANY_LV_S2NO-LYES, 90331, 7043, 19247, 5196, 3, "['--seed=3347', '--account-count=9988', '--transfer-count=15712', '--account-batch-size=21', '--transfer-batch-size=20', '--id-order=sequential', '--account-distribution=zipfian']"
0, C_LOW_TVR_L_POST_SINGLE_GTHALF_M_ANY_LV_S2NO-LYES, 93794, 7833, 19310, 4834, 4, "['--seed=3347', '--account-count=9988', '--transfer-count=15712', '--account-batch-size=21', '--transfer-batch-size=20', '--id-order=sequential', '--account-distribution=zipfian']"
0, C_LOW_TVR_L_WITH_SINGLE_NONFULL_M_ANY_LV_S2NO-LYES, 88227, 7824, 19247, 5710, 4, "['--seed=3347', '--account-count=9988', '--transfer-count=15712', '--account-batch-size=21', '--transfer-batch-size=20', '--id-order=sequential', '--account-distribution=zipfian']"
0, C_LOW_TVR_L_WITH_SINGLE_LTHALF_M_ANY_LV_S2NO-LYES, 88227, 7824, 19247, 5710, 4, "['--seed=3347', '--account-count=9988', '--transfer-count=15712', '--account-batch-size=21', '--transfer-batch-size=20', '--id-order=sequential', '--account-distribution=zipfian']"
0, C_LOW_TVR_L_WITH_SINGLE_GTHALF_M_ANY_LV_S2NO-LYES, 88227, 7824, 19247, 5710, 4, "['--seed=3347', '--account-count=9988', '--transfer-count=15712', '--account-batch-size=21', '--transfer-batch-size=20', '--id-order=sequential', '--account-distribution=zipfian']"
0, C_LOW_TVR_L_POST_MULTI_NONFULL_M_ANY_LV_S2NO-LYES, 94323, 6547, 19247, 4432, 3, "['--seed=3347', '--account-count=9988', '--transfer-count=15712', '--account-batch-size=21', '--transfer-batch-size=20', '--id-order=sequential', '--account-distribution=zipfian']"
0, C_LOW_TVR_L_POST_MULTI_LTHALF_M_ANY_LV_S2NO-LYES, 90331, 7043, 19247, 5196, 3, "['--seed=3347', '--account-count=9988', '--transfer-count=15712', '--account-batch-size=21', '--transfer-batch-size=20', '--id-order=sequential', '--account-distribution=zipfian']"
0, C_LOW_TVR_L_POST_MULTI_GTHALF_M_ANY_LV_S2NO-LYES, 99086, 7828, 19301, 4824, 4, "['--seed=3347', '--account-count=9988', '--transfer-count=15712', '--account-batch-size=21', '--transfer-batch-size=20', '--id-order=sequential', '--account-distribution=zipfian']"
0, C_LOW_TVR_L_WITH_MULTI_NONFULL_M_ANY_LV_S2NO-LYES, 88227, 7824, 19247, 5710, 4, "['--seed=3347', '--account-count=9988', '--transfer-count=15712', '--account-batch-size=21', '--transfer-batch-size=20', '--id-order=sequential', '--account-distribution=zipfian']"
0, C_LOW_TVR_L_WITH_MULTI_LTHALF_M_ANY_LV_S2NO-LYES, 88227, 7824, 19247, 5710, 4, "['--seed=3347', '--account-count=9988', '--transfer-count=15712', '--account-batch-size=21', '--transfer-batch-size=20', '--id-order=sequential', '--account-distribution=zipfian']"
0, C_LOW_TVR_L_WITH_MULTI_GTHALF_M_ANY_LV_S2NO-LYES, 88227, 7824, 19247, 5710, 4, "['--seed=3347', '--account-count=9988', '--transfer-count=15712', '--account-batch-size=21', '--transfer-batch-size=20', '--id-order=sequential', '--account-distribution=zipfian']"
0, C_LOW_TVR_L_POST_SINGLE_NONFULL_M_FULL_LV_S2NO-LYES, 95006, 6628, 19177, 4572, 3, "['--seed=3347', '--account-count=9988', '--transfer-count=15712', '--account-batch-size=21', '--transfer-batch-size=20', '--id-order=sequential', '--account-distribution=zipfian']"
0, C_LOW_TVR_L_POST_SINGLE_LTHALF_M_FULL_LV_S2NO-LYES, 91689, 6924, 19175, 5147, 3, "['--seed=3347', '--account-count=9988', '--transfer-count=15712', '--account-batch-size=21', '--transfer-batch-size=20', '--id-order=sequential', '--account-distribution=zipfian']"
0, C_LOW_TVR_L_POST_SINGLE_GTHALF_M_FULL_LV_S2NO-LYES, 95133, 7527, 19183, 4535, 3, "['--seed=3347', '--account-count=9988', '--transfer-count=15712', '--account-batch-size=21', '--transfer-batch-size=20', '--id-order=sequential', '--account-distribution=zipfian']"
0, C_LOW_TVR_L_WITH_SINGLE_NONFULL_M_FULL_LV_S2NO-LYES, 94647, 6587, 19146, 4654, 3, "['--seed=3347', '--account-count=9988', '--transfer-count=15712', '--account-batch-size=21', '--transfer-batch-size=20', '--id-order=sequential', '--account-distribution=zipfian']"
0, C_LOW_TVR_L_WITH_SINGLE_LTHALF_M_FULL_LV_S2NO-LYES, 91769, 6924, 19135, 5109, 3, "['--seed=3347', '--account-count=9988', '--transfer-count=15712', '--account-batch-size=21', '--transfer-batch-size=20', '--id-order=sequential', '--account-distribution=zipfian']"
0, C_LOW_TVR_L_WITH_SINGLE_GTHALF_M_FULL_LV_S2NO-LYES, 91154, 7520, 19166, 5278, 3, "['--seed=3347', '--account-count=9988', '--transfer-count=15712', '--account-batch-size=21', '--transfer-batch-size=20', '--id-order=sequential', '--account-distribution=zipfian']"
0, C_LOW_TVR_L_POST_MULTI_NONFULL_M_FULL_LV_S2NO-LYES, 95275, 6613, 19198, 4584, 3, "['--seed=3347', '--account-count=9988', '--transfer-count=15712', '--account-batch-size=21', '--transfer-batch-size=20', '--id-order=sequential', '--account-distribution=zipfian']"
0, C_LOW_TVR_L_POST_MULTI_LTHALF_M_FULL_LV_S2NO-LYES, 91689, 6924, 19175, 5147, 3, "['--seed=3347', '--account-count=9988', '--transfer-count=15712', '--account-batch-size=21', '--transfer-batch-size=20', '--id-order=sequential', '--account-distribution=zipfian']"
0, C_LOW_TVR_L_POST_MULTI_GTHALF_M_FULL_LV_S2NO-LYES, 101837, 7499, 19209, 4551, 3, "['--seed=3347', '--account-count=9988', '--transfer-count=15712', '--account-batch-size=21', '--transfer-batch-size=20', '--id-order=sequential', '--account-distribution=zipfian']"
0, C_LOW_TVR_L_WITH_MULTI_NONFULL_M_FULL_LV_S2NO-LYES, 94442, 6592, 19129, 4649, 3, "['--seed=3347', '--account-count=9988', '--transfer-count=15712', '--account-batch-size=21', '--transfer-batch-size=20', '--id-order=sequential', '--account-distribution=zipfian']"
0, C_LOW_TVR_L_WITH_MULTI_LTHALF_M_FULL_LV_S2NO-LYES, 91693, 6938, 19135, 5115, 3, "['--seed=3347', '--account-count=9988', '--transfer-count=15712', '--account-batch-size=21', '--transfer-batch-size=20', '--id-order=sequential', '--account-distribution=zipfian']"
0, C_LOW_TVR_L_WITH_MULTI_GTHALF_M_FULL_LV_S2NO-LYES, 92183, 7537, 19211, 5306, 4, "['--seed=3347', '--account-count=9988', '--transfer-count=15712', '--account-batch-size=21', '--transfer-batch-size=20', '--id-order=sequential', '--account-distribution=zipfian']"
0, C_LOW_TVR_L_POST_SINGLE_NONFULL_M_LTHALF_LV_S2NO-LYES, 95274, 6521, 19200, 4606, 3, "['--seed=3347', '--account-count=9988', '--transfer-count=15712', '--account-batch-size=21', '--transfer-batch-size=20', '--id-order=sequential', '--account-distribution=zipfian']"
0, C_LOW_TVR_L_POST_SINGLE_LTHALF_M_LTHALF_LV_S2NO-LYES, 92377, 6923, 19221, 5168, 3, "['--seed=3347', '--account-count=9988', '--transfer-count=15712', '--account-batch-size=21', '--transfer-batch-size=20', '--id-order=sequential', '--account-distribution=zipfian']"
0, C_LOW_TVR_L_POST_SINGLE_GTHALF_M_LTHALF_LV_S2NO-LYES, 94811, 7498, 19223, 4636, 3, "['--seed=3347', '--account-count=9988', '--transfer-count=15712', '--account-batch-size=21', '--transfer-batch-size=20', '--id-order=sequential', '--account-distribution=zipfian']"
0, C_LOW_TVR_L_WITH_SINGLE_NONFULL_M_LTHALF_LV_S2NO-LYES, 92651, 6895, 19181, 5039, 3, "['--seed=3347', '--account-count=9988', '--transfer-count=15712', '--account-batch-size=21', '--transfer-batch-size=20', '--id-order=sequential', '--account-distribution=zipfian']"
0, C_LOW_TVR_L_WITH_SINGLE_LTHALF_M_LTHALF_LV_S2NO-LYES, 91597, 7021, 19221, 5221, 3, "['--seed=3347', '--account-count=9988', '--transfer-count=15712', '--account-batch-size=21', '--transfer-batch-size=20', '--id-order=sequential', '--account-distribution=zipfian']"
0, C_LOW_TVR_L_WITH_SINGLE_GTHALF_M_LTHALF_LV_S2NO-LYES, 90308, 7539, 19196, 5541, 3, "['--seed=3347', '--account-count=9988', '--transfer-count=15712', '--account-batch-size=21', '--transfer-batch-size=20', '--id-order=sequential', '--account-distribution=zipfian']"
0, C_LOW_TVR_L_POST_MULTI_NONFULL_M_LTHALF_LV_S2NO-LYES, 95421, 6524, 19170, 4584, 3, "['--seed=3347', '--account-count=9988', '--transfer-count=15712', '--account-batch-size=21', '--transfer-batch-size=20', '--id-order=sequential', '--account-distribution=zipfian']"
0, C_LOW_TVR_L_POST_MULTI_LTHALF_M_LTHALF_LV_S2NO-LYES, 92377, 6923, 19221, 5168, 3, "['--seed=3347', '--account-count=9988', '--transfer-count=15712', '--account-batch-size=21', '--transfer-batch-size=20', '--id-order=sequential', '--account-distribution=zipfian']"
0, C_LOW_TVR_L_POST_MULTI_GTHALF_M_LTHALF_LV_S2NO-LYES, 99554, 7537, 19217, 4650, 4, "['--seed=3347', '--account-count=9988', '--transfer-count=15712', '--account-batch-size=21', '--transfer-batch-size=20', '--id-order=sequential', '--account-distribution=zipfian']"
0, C_LOW_TVR_L_WITH_MULTI_NONFULL_M_LTHALF_LV_S2NO-LYES, 92510, 6907, 19097, 4981, 3, "['--seed=3347', '--account-count=9988', '--transfer-count=15712', '--account-batch-size=21', '--transfer-batch-size=20', '--id-order=sequential', '--account-distribution=zipfian']"
0, C_LOW_TVR_L_WITH_MULTI_LTHALF_M_LTHALF_LV_S2NO-LYES, 91494, 7024, 19214, 5223, 3, "['--seed=3347', '--account-count=9988', '--transfer-count=15712', '--account-batch-size=21', '--transfer-batch-size=20', '--id-order=sequential', '--account-distribution=zipfian']"
0, C_LOW_TVR_L_WITH_MULTI_GTHALF_M_LTHALF_LV_S2NO-LYES, 89968, 7514, 19127, 5485, 3, "['--seed=3347', '--account-count=9988', '--transfer-count=15712', '--account-batch-size=21', '--transfer-batch-size=20', '--id-order=sequential', '--account-distribution=zipfian']"
0, C_LOW_TVR_L_POST_SINGLE_NONFULL_M_GTHALF_LV_S2NO-LYES, 95274, 6521, 19200, 4606, 3, "['--seed=3347', '--account-count=9988', '--transfer-count=15712', '--account-batch-size=21', '--transfer-batch-size=20', '--id-order=sequential', '--account-distribution=zipfian']"
0, C_LOW_TVR_L_POST_SINGLE_LTHALF_M_GTHALF_LV_S2NO-LYES, 92377, 6923, 19221, 5168, 3, "['--seed=3347', '--account-count=9988', '--transfer-count=15712', '--account-batch-size=21', '--transfer-batch-size=20', '--id-order=sequential', '--account-distribution=zipfian']"
0, C_LOW_TVR_L_POST_SINGLE_GTHALF_M_GTHALF_LV_S2NO-LYES, 94811, 7498, 19223, 4636, 3, "['--seed=3347', '--account-count=9988', '--transfer-count=15712', '--account-batch-size=21', '--transfer-batch-size=20', '--id-order=sequential', '--account-distribution=zipfian']"
0, C_LOW_TVR_L_WITH_SINGLE_NONFULL_M_GTHALF_LV_S2NO-LYES, 92651, 6895, 19181, 5039, 3, "['--seed=3347', '--account-count=9988', '--transfer-count=15712', '--account-batch-size=21', '--transfer-batch-size=20', '--id-order=sequential', '--account-distribution=zipfian']"
0, C_LOW_TVR_L_WITH_SINGLE_LTHALF_M_GTHALF_LV_S2NO-LYES, 91597, 7021, 19221, 5221, 3, "['--seed=3347', '--account-count=9988', '--transfer-count=15712', '--account-batch-size=21', '--transfer-batch-size=20', '--id-order=sequential', '--account-distribution=zipfian']"
0, C_LOW_TVR_L_WITH_SINGLE_GTHALF_M_GTHALF_LV_S2NO-LYES, 90308, 7539, 19196, 5541, 3, "['--seed=3347', '--account-count=9988', '--transfer-count=15712', '--account-batch-size=21', '--transfer-batch-size=20', '--id-order=sequential', '--account-distribution=zipfian']"
0, C_LOW_TVR_L_POST_MULTI_NONFULL_M_GTHALF_LV_S2NO-LYES, 95421, 6524, 19170, 4584, 3, "['--seed=3347', '--account-count=9988', '--transfer-count=15712', '--account-batch-size=21', '--transfer-batch-size=20', '--id-order=sequential', '--account-distribution=zipfian']"
0, C_LOW_TVR_L_POST_MULTI_LTHALF_M_GTHALF_LV_S2NO-LYES, 92377, 6923, 19221, 5168, 3, "['--seed=3347', '--account-count=9988', '--transfer-count=15712', '--account-batch-size=21', '--transfer-batch-size=20', '--id-order=sequential', '--account-distribution=zipfian']"
0, C_LOW_TVR_L_POST_MULTI_GTHALF_M_GTHALF_LV_S2NO-LYES, 99554, 7537, 19217, 4650, 4, "['--seed=3347', '--account-count=9988', '--transfer-count=15712', '--account-batch-size=21', '--transfer-batch-size=20', '--id-order=sequential', '--account-distribution=zipfian']"
0, C_LOW_TVR_L_WITH_MULTI_NONFULL_M_GTHALF_LV_S2NO-LYES, 92510, 6907, 19097, 4981, 3, "['--seed=3347', '--account-count=9988', '--transfer-count=15712', '--account-batch-size=21', '--transfer-batch-size=20', '--id-order=sequential', '--account-distribution=zipfian']"
0, C_LOW_TVR_L_WITH_MULTI_LTHALF_M_GTHALF_LV_S2NO-LYES, 91494, 7024, 19214, 5223, 3, "['--seed=3347', '--account-count=9988', '--transfer-count=15712', '--account-batch-size=21', '--transfer-batch-size=20', '--id-order=sequential', '--account-distribution=zipfian']"
0, C_LOW_TVR_L_WITH_MULTI_GTHALF_M_GTHALF_LV_S2NO-LYES, 89968, 7514, 19127, 5485, 3, "['--seed=3347', '--account-count=9988', '--transfer-count=15712', '--account-batch-size=21', '--transfer-batch-size=20', '--id-order=sequential', '--account-distribution=zipfian']"
1, C_TLEAST_L_NONE_M_NONE_LV_SAME, 51289, 5164, 11172, 3223, 3, "['--seed=3348', '--account-count=8747', '--transfer-count=8501', '--account-batch-size=24', '--transfer-batch-size=25', '--id-order=sequential', '--account-distribution=zipfian']"
1, C_LOW_TVR_L_NONE_M_NONE_LV_SAME, 49310, 4652, 10052, 2525, 3, "['--seed=3348', '--account-count=8747', '--transfer-count=8501', '--account-batch-size=24', '--transfer-batch-size=25', '--id-order=sequential', '--account-distribution=zipfian']"
1, C_LOW_TVR_L_POST_SINGLE_NONFULL_M_NONE_LV_SAME, 54848, 3936, 9507, 1120, 3, "['--seed=3348', '--account-count=8747', '--transfer-count=8501', '--account-batch-size=24', '--transfer-batch-size=25', '--id-order=sequential', '--account-distribution=zipfian']"
1, C_LOW_TVR_L_POST_SINGLE_LTHALF_M_NONE_LV_SAME, 51277, 4213, 9669, 1885, 3, "['--seed=3348', '--account-count=8747', '--transfer-count=8501', '--account-batch-size=24', '--transfer-batch-size=25', '--id-order=sequential', '--account-distribution=zipfian']"
1, C_LOW_TVR_L_POST_SINGLE_GTHALF_M_NONE_LV_SAME, 58242, 4496, 10065, 1301, 3, "['--seed=3348', '--account-count=8747', '--transfer-count=8501', '--account-batch-size=24', '--transfer-batch-size=25', '--id-order=sequential', '--account-distribution=zipfian']"
1, C_LOW_TVR_L_WITH_SINGLE_NONFULL_M_NONE_LV_SAME, 51760, 4286, 9769, 1826, 3, "['--seed=3348', '--account-count=8747', '--transfer-count=8501', '--account-batch-size=24', '--transfer-batch-size=25', '--id-order=sequential', '--account-distribution=zipfian']"
1, C_LOW_TVR_L_WITH_SINGLE_LTHALF_M_NONE_LV_SAME, 49842, 4354, 9799, 2084, 3, "['--seed=3348', '--account-count=8747', '--transfer-count=8501', '--account-batch-size=24', '--transfer-batch-size=25', '--id-order=sequential', '--account-distribution=zipfian']"
1, C_LOW_TVR_L_WITH_SINGLE_GTHALF_M_NONE_LV_SAME, 51252, 4560, 10081, 2218, 3, "['--seed=3348', '--account-count=8747', '--transfer-count=8501', '--account-batch-size=24', '--transfer-batch-size=25', '--id-order=sequential', '--account-distribution=zipfian']"
1, C_LOW_TVR_L_POST_MULTI_NONFULL_M_NONE_LV_SAME, 54565, 3953, 9513, 1115, 3, "['--seed=3348', '--account-count=8747', '--transfer-count=8501', '--account-batch-size=24', '--transfer-batch-size=25', '--id-order=sequential', '--account-distribution=zipfian']"
1, C_LOW_TVR_L_POST_MULTI_LTHALF_M_NONE_LV_SAME, 51254, 4211, 9674, 1882, 3, "['--seed=3348', '--account-count=8747', '--transfer-count=8501', '--account-batch-size=24', '--transfer-batch-size=25', '--id-order=sequential', '--account-distribution=zipfian']"
1, C_LOW_TVR_L_POST_MULTI_GTHALF_M_NONE_LV_SAME, 67011, 4494, 10048, 1292, 3, "['--seed=3348', '--account-count=8747', '--transfer-count=8501', '--account-batch-size=24', '--transfer-batch-size=25', '--id-order=sequential', '--account-distribution=zipfian']"
1, C_LOW_TVR_L_WITH_MULTI_NONFULL_M_NONE_LV_SAME, 51140, 4255, 9748, 1819, 3, "['--seed=3348', '--account-count=8747', '--transfer-count=8501', '--account-batch-size=24', '--transfer-batch-size=25', '--id-order=sequential', '--account-distribution=zipfian']"
1, C_LOW_TVR_L_WITH_MULTI_LTHALF_M_NONE_LV_SAME, 50248, 4353, 9799, 2093, 3, "['--seed=3348', '--account-count=8747', '--transfer-count=8501', '--account-batch-size=24', '--transfer-batch-size=25', '--id-order=sequential', '--account-distribution=zipfian']"
1, C_LOW_TVR_L_WITH_MULTI_GTHALF_M_NONE_LV_SAME, 54461, 4532, 10058, 2112, 3, "['--seed=3348', '--account-count=8747', '--transfer-count=8501', '--account-batch-size=24', '--transfer-batch-size=25', '--id-order=sequential', '--account-distribution=zipfian']"
1, C_LOW_TVR_L_POST_SINGLE_NONFULL_M_ANY_LV_SAME, 54731, 3928, 9623, 1181, 3, "['--seed=3348', '--account-count=8747', '--transfer-count=8501', '--account-batch-size=24', '--transfer-batch-size=25', '--id-order=sequential', '--account-distribution=zipfian']"
1, C_LOW_TVR_L_POST_SINGLE_LTHALF_M_ANY_LV_SAME, 50877, 4200, 9815, 2017, 3, "['--seed=3348', '--account-count=8747', '--transfer-count=8501', '--account-batch-size=24', '--transfer-batch-size=25', '--id-order=sequential', '--account-distribution=zipfian']"
1, C_LOW_TVR_L_POST_SINGLE_GTHALF_M_ANY_LV_SAME, 58911, 4806, 10398, 1475, 3, "['--seed=3348', '--account-count=8747', '--transfer-count=8501', '--account-batch-size=24', '--transfer-batch-size=25', '--id-order=sequential', '--account-distribution=zipfian']"
1, C_LOW_TVR_L_WITH_SINGLE_NONFULL_M_ANY_LV_SAME, 48263, 5027, 10544, 3128, 3, "['--seed=3348', '--account-count=8747', '--transfer-count=8501', '--account-batch-size=24', '--transfer-batch-size=25', '--id-order=sequential', '--account-distribution=zipfian']"
1, C_LOW_TVR_L_WITH_SINGLE_LTHALF_M_ANY_LV_SAME, 48280, 5038, 10583, 3166, 3, "['--seed=3348', '--account-count=8747', '--transfer-count=8501', '--account-batch-size=24', '--transfer-batch-size=25', '--id-order=sequential', '--account-distribution=zipfian']"
1, C_LOW_TVR_L_WITH_SINGLE_GTHALF_M_ANY_LV_SAME, 48385, 5042, 10550, 3128, 3, "['--seed=3348', '--account-count=8747', '--transfer-count=8501', '--account-batch-size=24', '--transfer-batch-size=25', '--id-order=sequential', '--account-distribution=zipfian']"
1, C_LOW_TVR_L_POST_MULTI_NONFULL_M_ANY_LV_SAME, 54356, 3933, 9595, 1176, 3, "['--seed=3348', '--account-count=8747', '--transfer-count=8501', '--account-batch-size=24', '--transfer-batch-size=25', '--id-order=sequential', '--account-distribution=zipfian']"
1, C_LOW_TVR_L_POST_MULTI_LTHALF_M_ANY_LV_SAME, 50889, 4198, 9814, 2018, 3, "['--seed=3348', '--account-count=8747', '--transfer-count=8501', '--account-batch-size=24', '--transfer-batch-size=25', '--id-order=sequential', '--account-distribution=zipfian']"
1, C_LOW_TVR_L_POST_MULTI_GTHALF_M_ANY_LV_SAME, 67190, 4805, 10417, 1490, 3, "['--seed=3348', '--account-count=8747', '--transfer-count=8501', '--account-batch-size=24', '--transfer-batch-size=25', '--id-order=sequential', '--account-distribution=zipfian']"
1, C_LOW_TVR_L_WITH_MULTI_NONFULL_M_ANY_LV_SAME, 48218, 5025, 10550, 3133, 3, "['--seed=3348', '--account-count=8747', '--transfer-count=8501', '--account-batch-size=24', '--transfer-batch-size=25', '--id-order=sequential', '--account-distribution=zipfian']"
1, C_LOW_TVR_L_WITH_MULTI_LTHALF_M_ANY_LV_SAME, 48327, 5035, 10580, 3163, 3, "['--seed=3348', '--account-count=8747', '--transfer-count=8501', '--account-batch-size=24', '--transfer-batch-size=25', '--id-order=sequential', '--account-distribution=zipfian']"
1, C_LOW_TVR_L_WITH_MULTI_GTHALF_M_ANY_LV_SAME, 48563, 5050, 10566, 3140, 3, "['--seed=3348', '--account-count=8747', '--transfer-count=8501', '--account-batch-size=24', '--transfer-batch-size=25', '--id-order=sequential', '--account-distribution=zipfian']"
1, C_LOW_TVR_L_POST_SINGLE_NONFULL_M_FULL_LV_SAME, 53932, 3911, 9540, 1172, 3, "['--seed=3348', '--account-count=8747', '--transfer-count=8501', '--account-batch-size=24', '--transfer-batch-size=25', '--id-order=sequential', '--account-distribution=zipfian']"
1, C_LOW_TVR_L_POST_SINGLE_LTHALF_M_FULL_LV_SAME, 50591, 4207, 9667, 1931, 3, "['--seed=3348', '--account-count=8747', '--transfer-count=8501', '--account-batch-size=24', '--transfer-batch-size=25', '--id-order=sequential', '--account-distribution=zipfian']"
1, C_LOW_TVR_L_POST_SINGLE_GTHALF_M_FULL_LV_SAME, 58413, 4515, 10106, 1308, 3, "['--seed=3348', '--account-count=8747', '--transfer-count=8501', '--account-batch-size=24', '--transfer-batch-size=25', '--id-order=sequential', '--account-distribution=zipfian']"
1, C_LOW_TVR_L_WITH_SINGLE_NONFULL_M_FULL_LV_SAME, 50607, 4279, 9813, 1920, 3, "['--seed=3348', '--account-count=8747', '--transfer-count=8501', '--account-batch-size=24', '--transfer-batch-size=25', '--id-order=sequential', '--account-distribution=zipfian']"
1, C_LOW_TVR_L_WITH_SINGLE_LTHALF_M_FULL_LV_SAME, 49359, 4370, 9843, 2141, 3, "['--seed=3348', '--account-count=8747', '--transfer-count=8501', '--account-batch-size=24', '--transfer-batch-size=25', '--id-order=sequential', '--account-distribution=zipfian']"
1, C_LOW_TVR_L_WITH_SINGLE_GTHALF_M_FULL_LV_SAME, 50268, 4552, 10102, 2336, 3, "['--seed=3348', '--account-count=8747', '--transfer-count=8501', '--account-batch-size=24', '--transfer-batch-size=25', '--id-order=sequential', '--account-distribution=zipfian']"
1, C_LOW_TVR_L_POST_MULTI_NONFULL_M_FULL_LV_SAME, 53538, 3926, 9533, 1179, 3, "['--seed=3348', '--account-count=8747', '--transfer-count=8501', '--account-batch-size=24', '--transfer-batch-size=25', '--id-order=sequential', '--account-distribution=zipfian']"
1, C_LOW_TVR_L_POST_MULTI_LTHALF_M_FULL_LV_SAME, 50760, 4220, 9686, 1924, 3, "['--seed=3348', '--account-count=8747', '--transfer-count=8501', '--account-batch-size=24', '--transfer-batch-size=25', '--id-order=sequential', '--account-distribution=zipfian']"
1, C_LOW_TVR_L_POST_MULTI_GTHALF_M_FULL_LV_SAME, 67792, 4508, 10106, 1312, 3, "['--seed=3348', '--account-count=8747', '--transfer-count=8501', '--account-batch-size=24', '--transfer-batch-size=25', '--id-order=sequential', '--account-distribution=zipfian']"
1, C_LOW_TVR_L_WITH_MULTI_NONFULL_M_FULL_LV_SAME, 50777, 4247, 9791, 1851, 3, "['--seed=3348', '--account-count=8747', '--transfer-count=8501', '--account-batch-size=24', '--transfer-batch-size=25', '--id-order=sequential', '--account-distribution=zipfian']"
1, C_LOW_TVR_L_WITH_MULTI_LTHALF_M_FULL_LV_SAME, 49519, 4347, 9835, 2132, 3, "['--seed=3348', '--account-count=8747', '--transfer-count=8501', '--account-batch-size=24', '--transfer-batch-size=25', '--id-order=sequential', '--account-distribution=zipfian']"
1, C_LOW_TVR_L_WITH_MULTI_GTHALF_M_FULL_LV_SAME, 51635, 4524, 10102, 2323, 3, "['--seed=3348', '--account-count=8747', '--transfer-count=8501', '--account-batch-size=24', '--transfer-batch-size=25', '--id-order=sequential', '--account-distribution=zipfian']"
1, C_LOW_TVR_L_POST_SINGLE_NONFULL_M_LTHALF_LV_SAME, 54256, 3934, 9552, 1157, 3, "['--seed=3348', '--account-count=8747', '--transfer-count=8501', '--account-batch-size=24', '--transfer-batch-size=25', '--id-order=sequential', '--account-distribution=zipfian']"
1, C_LOW_TVR_L_POST_SINGLE_LTHALF_M_LTHALF_LV_SAME, 50880, 4229, 9727, 1946, 3, "['--seed=3348', '--account-count=8747', '--transfer-count=8501', '--account-batch-size=24', '--transfer-batch-size=25', '--id-order=sequential', '--account-distribution=zipfian']"
1, C_LOW_TVR_L_POST_SINGLE_GTHALF_M_LTHALF_LV_SAME, 58602, 4512, 10136, 1310, 3, "['--seed=3348', '--account-count=8747', '--transfer-count=8501', '--account-batch-size=24', '--transfer-batch-size=25', '--id-order=sequential', '--account-distribution=zipfian']"
1, C_LOW_TVR_L_WITH_SINGLE_NONFULL_M_LTHALF_LV_SAME, 49781, 4423, 9889, 2182, 3, "['--seed=3348', '--account-count=8747', '--transfer-count=8501', '--account-batch-size=24', '--transfer-batch-size=25', '--id-order=sequential', '--account-distribution=zipfian']"
1, C_LOW_TVR_L_WITH_SINGLE_LTHALF_M_LTHALF_LV_SAME, 49618, 4468, 9950, 2291, 3, "['--seed=3348', '--account-count=8747', '--transfer-count=8501', '--account-batch-size=24', '--transfer-batch-size=25', '--id-order=sequential', '--account-distribution=zipfian']"
1, C_LOW_TVR_L_WITH_SINGLE_GTHALF_M_LTHALF_LV_SAME, 49268, 4669, 10097, 2569, 3, "['--seed=3348', '--account-count=8747', '--transfer-count=8501', '--account-batch-size=24', '--transfer-batch-size=25', '--id-order=sequential', '--account-distribution=zipfian']"
1, C_LOW_TVR_L_POST_MULTI_NONFULL_M_LTHALF_LV_SAME, 54245, 3928, 9551, 1156, 3, "['--seed=3348', '--account-count=8747', '--transfer-count=8501', '--account-batch-size=24', '--transfer-batch-size=25', '--id-order=sequential', '--account-distribution=zipfian']"
1, C_LOW_TVR_L_POST_MULTI_LTHALF_M_LTHALF_LV_SAME, 50692, 4217, 9724, 1947, 3, "['--seed=3348', '--account-count=8747', '--transfer-count=8501', '--account-batch-size=24', '--transfer-batch-size=25', '--id-order=sequential', '--account-distribution=zipfian']"
1, C_LOW_TVR_L_POST_MULTI_GTHALF_M_LTHALF_LV_SAME, 67901, 4521, 10120, 1307, 3, "['--seed=3348', '--account-count=8747', '--transfer-count=8501', '--account-batch-size=24', '--transfer-batch-size=25', '--id-order=sequential', '--account-distribution=zipfian']"
1, C_LOW_TVR_L_WITH_MULTI_NONFULL_M_LTHALF_LV_SAME, 49500, 4457, 9870, 2187, 3, "['--seed=3348', '--account-count=8747', '--transfer-count=8501', '--account-batch-size=24', '--transfer-batch-size=25', '--id-order=sequential', '--account-distribution=zipfian']"
1, C_LOW_TVR_L_WITH_MULTI_LTHALF_M_LTHALF_LV_SAME, 49094, 4483, 9908, 2287, 3, "['--seed=3348', '--account-count=8747', '--transfer-count=8501', '--account-batch-size=24', '--transfer-batch-size=25', '--id-order=sequential', '--account-distribution=zipfian']"
1, C_LOW_TVR_L_WITH_MULTI_GTHALF_M_LTHALF_LV_SAME, 49400, 4678, 10098, 2578, 3, "['--seed=3348', '--account-count=8747', '--transfer-count=8501', '--account-batch-size=24', '--transfer-batch-size=25', '--id-order=sequential', '--account-distribution=zipfian']"
1, C_LOW_TVR_L_POST_SINGLE_NONFULL_M_GTHALF_LV_SAME, 54256, 3934, 9552, 1157, 3, "['--seed=3348', '--account-count=8747', '--transfer-count=8501', '--account-batch-size=24', '--transfer-batch-size=25', '--id-order=sequential', '--account-distribution=zipfian']"
1, C_LOW_TVR_L_POST_SINGLE_LTHALF_M_GTHALF_LV_SAME, 50880, 4229, 9727, 1946, 3, "['--seed=3348', '--account-count=8747', '--transfer-count=8501', '--account-batch-size=24', '--transfer-batch-size=25', '--id-order=sequential', '--account-distribution=zipfian']"
1, C_LOW_TVR_L_POST_SINGLE_GTHALF_M_GTHALF_LV_SAME, 58602, 4512, 10136, 1310, 3, "['--seed=3348', '--account-count=8747', '--transfer-count=8501', '--account-batch-size=24', '--transfer-batch-size=25', '--id-order=sequential', '--account-distribution=zipfian']"
1, C_LOW_TVR_L_WITH_SINGLE_NONFULL_M_GTHALF_LV_SAME, 49781, 4423, 9889, 2182, 3, "['--seed=3348', '--account-count=8747', '--transfer-count=8501', '--account-batch-size=24', '--transfer-batch-size=25', '--id-order=sequential', '--account-distribution=zipfian']"
1, C_LOW_TVR_L_WITH_SINGLE_LTHALF_M_GTHALF_LV_SAME, 49618, 4468, 9950, 2291, 3, "['--seed=3348', '--account-count=8747', '--transfer-count=8501', '--account-batch-size=24', '--transfer-batch-size=25', '--id-order=sequential', '--account-distribution=zipfian']"
1, C_LOW_TVR_L_WITH_SINGLE_GTHALF_M_GTHALF_LV_SAME, 49268, 4669, 10097, 2569, 3, "['--seed=3348', '--account-count=8747', '--transfer-count=8501', '--account-batch-size=24', '--transfer-batch-size=25', '--id-order=sequential', '--account-distribution=zipfian']"
1, C_LOW_TVR_L_POST_MULTI_NONFULL_M_GTHALF_LV_SAME, 54245, 3928, 9551, 1156, 3, "['--seed=3348', '--account-count=8747', '--transfer-count=8501', '--account-batch-size=24', '--transfer-batch-size=25', '--id-order=sequential', '--account-distribution=zipfian']"
1, C_LOW_TVR_L_POST_MULTI_LTHALF_M_GTHALF_LV_SAME, 50692, 4217, 9724, 1947, 3, "['--seed=3348', '--account-count=8747', '--transfer-count=8501', '--account-batch-size=24', '--transfer-batch-size=25', '--id-order=sequential', '--account-distribution=zipfian']"
1, C_LOW_TVR_L_POST_MULTI_GTHALF_M_GTHALF_LV_SAME, 67901, 4521, 10120, 1307, 3, "['--seed=3348', '--account-count=8747', '--transfer-count=8501', '--account-batch-size=24', '--transfer-batch-size=25', '--id-order=sequential', '--account-distribution=zipfian']"
1, C_LOW_TVR_L_WITH_MULTI_NONFULL_M_GTHALF_LV_SAME, 49500, 4457, 9870, 2187, 3, "['--seed=3348', '--account-count=8747', '--transfer-count=8501', '--account-batch-size=24', '--transfer-batch-size=25', '--id-order=sequential', '--account-distribution=zipfian']"
1, C_LOW_TVR_L_WITH_MULTI_LTHALF_M_GTHALF_LV_SAME, 49094, 4483, 9908, 2287, 3, "['--seed=3348', '--account-count=8747', '--transfer-count=8501', '--account-batch-size=24', '--transfer-batch-size=25', '--id-order=sequential', '--account-distribution=zipfian']"
1, C_LOW_TVR_L_WITH_MULTI_GTHALF_M_GTHALF_LV_SAME, 49400, 4678, 10098, 2578, 3, "['--seed=3348', '--account-count=8747', '--transfer-count=8501', '--account-batch-size=24', '--transfer-batch-size=25', '--id-order=sequential', '--account-distribution=zipfian']"
1, C_LOW_TVR_L_NONE_M_NONE_LV_S2NO-LYES, 49508, 4940, 10610, 3124, 3, "['--seed=3348', '--account-count=8747', '--transfer-count=8501', '--account-batch-size=24', '--transfer-batch-size=25', '--id-order=sequential', '--account-distribution=zipfian']"
1, C_LOW_TVR_L_POST_SINGLE_NONFULL_M_NONE_LV_S2NO-LYES, 52605, 4518, 10571, 2630, 3, "['--seed=3348', '--account-count=8747', '--transfer-count=8501', '--account-batch-size=24', '--transfer-batch-size=25', '--id-order=sequential', '--account-distribution=zipfian']"
1, C_LOW_TVR_L_POST_SINGLE_LTHALF_M_NONE_LV_S2NO-LYES, 50917, 4605, 10642, 2919, 3, "['--seed=3348', '--account-count=8747', '--transfer-count=8501', '--account-batch-size=24', '--transfer-batch-size=25', '--id-order=sequential', '--account-distribution=zipfian']"
1, C_LOW_TVR_L_POST_SINGLE_GTHALF_M_NONE_LV_S2NO-LYES, 51768, 4825, 10588, 2684, 3, "['--seed=3348', '--account-count=8747', '--transfer-count=8501', '--account-batch-size=24', '--transfer-batch-size=25', '--id-order=sequential', '--account-distribution=zipfian']"
1, C_LOW_TVR_L_WITH_SINGLE_NONFULL_M_NONE_LV_S2NO-LYES, 51346, 4656, 10593, 2787, 3, "['--seed=3348', '--account-count=8747', '--transfer-count=8501', '--account-batch-size=24', '--transfer-batch-size=25', '--id-order=sequential', '--account-distribution=zipfian']"
1, C_LOW_TVR_L_WITH_SINGLE_LTHALF_M_NONE_LV_S2NO-LYES, 50622, 4661, 10603, 2922, 3, "['--seed=3348', '--account-count=8747', '--transfer-count=8501', '--account-batch-size=24', '--transfer-batch-size=25', '--id-order=sequential', '--account-distribution=zipfian']"
1, C_LOW_TVR_L_WITH_SINGLE_GTHALF_M_NONE_LV_S2NO-LYES, 50787, 4865, 10605, 2921, 3, "['--seed=3348', '--account-count=8747', '--transfer-count=8501', '--account-batch-size=24', '--transfer-batch-size=25', '--id-order=sequential', '--account-distribution=zipfian']"
1, C_LOW_TVR_L_POST_MULTI_NONFULL_M_NONE_LV_S2NO-LYES, 52644, 4490, 10552, 2616, 3, "['--seed=3348', '--account-count=8747', '--transfer-count=8501', '--account-batch-size=24', '--transfer-batch-size=25', '--id-order=sequential', '--account-distribution=zipfian']"
1, C_LOW_TVR_L_POST_MULTI_LTHALF_M_NONE_LV_S2NO-LYES, 50917, 4605, 10642, 2919, 3, "['--seed=3348', '--account-count=8747', '--transfer-count=8501', '--account-batch-size=24', '--transfer-batch-size=25', '--id-order=sequential', '--account-distribution=zipfian']"
1, C_LOW_TVR_L_POST_MULTI_GTHALF_M_NONE_LV_S2NO-LYES, 54599, 4830, 10577, 2658, 3, "['--seed=3348', '--account-count=8747', '--transfer-count=8501', '--account-batch-size=24', '--transfer-batch-size=25', '--id-order=sequential', '--account-distribution=zipfian']"
1, C_LOW_TVR_L_WITH_MULTI_NONFULL_M_NONE_LV_S2NO-LYES, 51419, 4662, 10593, 2806, 3, "['--seed=3348', '--account-count=8747', '--transfer-count=8501', '--account-batch-size=24', '--transfer-batch-size=25', '--id-order=sequential', '--account-distribution=zipfian']"
1, C_LOW_TVR_L_WITH_MULTI_LTHALF_M_NONE_LV_S2NO-LYES, 50723, 4685, 10631, 2960, 3, "['--seed=3348', '--account-count=8747', '--transfer-count=8501', '--account-batch-size=24', '--transfer-batch-size=25', '--id-order=sequential', '--account-distribution=zipfian']"
1, C_LOW_TVR_L_WITH_MULTI_GTHALF_M_NONE_LV_S2NO-LYES, 51753, 4883, 10611, 2982, 3, "['--seed=3348', '--account-count=8747', '--transfer-count=8501', '--account-batch-size=24', '--transfer-batch-size=25', '--id-order=sequential', '--account-distribution=zipfian']"
1, C_LOW_TVR_L_POST_SINGLE_NONFULL_M_ANY_LV_S2NO-LYES, 50831, 4571, 10507, 2613, 3, "['--seed=3348', '--account-count=8747', '--transfer-count=8501', '--account-batch-size=24', '--transfer-batch-size=25', '--id-order=sequential', '--account-distribution=zipfian']"
1, C_LOW_TVR_L_POST_SINGLE_LTHALF_M_ANY_LV_S2NO-LYES, 49075, 4727, 10507, 2891, 3, "['--seed=3348', '--account-count=8747', '--transfer-count=8501', '--account-batch-size=24', '--transfer-batch-size=25', '--id-order=sequential', '--account-distribution=zipfian']"
1, C_LOW_TVR_L_POST_SINGLE_GTHALF_M_ANY_LV_S2NO-LYES, 50634, 4974, 10507, 2684, 3, "['--seed=3348', '--account-count=8747', '--transfer-count=8501', '--account-batch-size=24', '--transfer-batch-size=25', '--id-order=sequential', '--account-distribution=zipfian']"
1, C_LOW_TVR_L_WITH_SINGLE_NONFULL_M_ANY_LV_S2NO-LYES, 48383, 5034, 10507, 3084, 3, "['--seed=3348', '--account-count=8747', '--transfer-count=8501', '--account-batch-size=24', '--transfer-batch-size=25', '--id-order=sequential', '--account-distribution=zipfian']"
1, C_LOW_TVR_L_WITH_SINGLE_LTHALF_M_ANY_LV_S2NO-LYES, 48383, 5034, 10507, 3084, 3, "['--seed=3348', '--account-count=8747', '--transfer-count=8501', '--account-batch-size=24', '--transfer-batch-size=25', '--id-order=sequential', '--account-distribution=zipfian']"
1, C_LOW_TVR_L_WITH_SINGLE_GTHALF_M_ANY_LV_S2NO-LYES, 48383, 5034, 10507, 3084, 3, "['--seed=3348', '--account-count=8747', '--transfer-count=8501', '--account-batch-size=24', '--transfer-batch-size=25', '--id-order=sequential', '--account-distribution=zipfian']"
1, C_LOW_TVR_L_POST_MULTI_NONFULL_M_ANY_LV_S2NO-LYES, 50831, 4571, 10507, 2613, 3, "['--seed=3348', '--account-count=8747', '--transfer-count=8501', '--account-batch-size=24', '--transfer-batch-size=25', '--id-order=sequential', '--account-distribution=zipfian']"
1, C_LOW_TVR_L_POST_MULTI_LTHALF_M_ANY_LV_S2NO-LYES, 49075, 4727, 10507, 2891, 3, "['--seed=3348', '--account-count=8747', '--transfer-count=8501', '--account-batch-size=24', '--transfer-batch-size=25', '--id-order=sequential', '--account-distribution=zipfian']"
1, C_LOW_TVR_L_POST_MULTI_GTHALF_M_ANY_LV_S2NO-LYES, 52961, 4974, 10507, 2684, 3, "['--seed=3348', '--account-count=8747', '--transfer-count=8501', '--account-batch-size=24', '--transfer-batch-size=25', '--id-order=sequential', '--account-distribution=zipfian']"
1, C_LOW_TVR_L_WITH_MULTI_NONFULL_M_ANY_LV_S2NO-LYES, 48383, 5034, 10507, 3084, 3, "['--seed=3348', '--account-count=8747', '--transfer-count=8501', '--account-batch-size=24', '--transfer-batch-size=25', '--id-order=sequential', '--account-distribution=zipfian']"
1, C_LOW_TVR_L_WITH_MULTI_LTHALF_M_ANY_LV_S2NO-LYES, 48383, 5034, 10507, 3084, 3, "['--seed=3348', '--account-count=8747', '--transfer-count=8501', '--account-batch-size=24', '--transfer-batch-size=25', '--id-order=sequential', '--account-distribution=zipfian']"
1, C_LOW_TVR_L_WITH_MULTI_GTHALF_M_ANY_LV_S2NO-LYES, 48383, 5034, 10507, 3084, 3, "['--seed=3348', '--account-count=8747', '--transfer-count=8501', '--account-batch-size=24', '--transfer-batch-size=25', '--id-order=sequential', '--account-distribution=zipfian']"
1, C_LOW_TVR_L_POST_SINGLE_NONFULL_M_FULL_LV_S2NO-LYES, 51854, 4553, 10557, 2672, 3, "['--seed=3348', '--account-count=8747', '--transfer-count=8501', '--account-batch-size=24', '--transfer-batch-size=25', '--id-order=sequential', '--account-distribution=zipfian']"
1, C_LOW_TVR_L_POST_SINGLE_LTHALF_M_FULL_LV_S2NO-LYES, 50469, 4633, 10588, 2921, 3, "['--seed=3348', '--account-count=8747', '--transfer-count=8501', '--account-batch-size=24', '--transfer-batch-size=25', '--id-order=sequential', '--account-distribution=zipfian']"
1, C_LOW_TVR_L_POST_SINGLE_GTHALF_M_FULL_LV_S2NO-LYES, 51538, 4867, 10642, 2746, 3, "['--seed=3348', '--account-count=8747', '--transfer-count=8501', '--account-batch-size=24', '--transfer-batch-size=25', '--id-order=sequential', '--account-distribution=zipfian']"
1, C_LOW_TVR_L_WITH_SINGLE_NONFULL_M_FULL_LV_S2NO-LYES, 50601, 4657, 10567, 2848, 3, "['--seed=3348', '--account-count=8747', '--transfer-count=8501', '--account-batch-size=24', '--transfer-batch-size=25', '--id-order=sequential', '--account-distribution=zipfian']"
1, C_LOW_TVR_L_WITH_SINGLE_LTHALF_M_FULL_LV_S2NO-LYES, 50293, 4649, 10574, 2935, 3, "['--seed=3348', '--account-count=8747', '--transfer-count=8501', '--account-batch-size=24', '--transfer-batch-size=25', '--id-order=sequential', '--account-distribution=zipfian']"
1, C_LOW_TVR_L_WITH_SINGLE_GTHALF_M_FULL_LV_S2NO-LYES, 49763, 4880, 10642, 3055, 3, "['--seed=3348', '--account-count=8747', '--transfer-count=8501', '--account-batch-size=24', '--transfer-batch-size=25', '--id-order=sequential', '--account-distribution=zipfian']"
1, C_LOW_TVR_L_POST_MULTI_NONFULL_M_FULL_LV_S2NO-LYES, 51943, 4547, 10557, 2671, 3, "['--seed=3348', '--account-count=8747', '--transfer-count=8501', '--account-batch-size=24', '--transfer-batch-size=25', '--id-order=sequential', '--account-distribution=zipfian']"
1, C_LOW_TVR_L_POST_MULTI_LTHALF_M_FULL_LV_S2NO-LYES, 50529, 4630, 10601, 2925, 3, "['--seed=3348', '--account-count=8747', '--transfer-count=8501', '--account-batch-size=24', '--transfer-batch-size=25', '--id-order=sequential', '--account-distribution=zipfian']"
1, C_LOW_TVR_L_POST_MULTI_GTHALF_M_FULL_LV_S2NO-LYES, 54705, 4842, 10593, 2698, 3, "['--seed=3348', '--account-count=8747', '--transfer-count=8501', '--account-batch-size=24', '--transfer-batch-size=25', '--id-order=sequential', '--account-distribution=zipfian']"
1, C_LOW_TVR_L_WITH_MULTI_NONFULL_M_FULL_LV_S2NO-LYES, 50845, 4671, 10612, 2898, 3, "['--seed=3348', '--account-count=8747', '--transfer-count=8501', '--account-batch-size=24', '--transfer-batch-size=25', '--id-order=sequential', '--account-distribution=zipfian']"
1, C_LOW_TVR_L_WITH_MULTI_LTHALF_M_FULL_LV_S2NO-LYES, 50356, 4701, 10590, 2962, 3, "['--seed=3348', '--account-count=8747', '--transfer-count=8501', '--account-batch-size=24', '--transfer-batch-size=25', '--id-order=sequential', '--account-distribution=zipfian']"
1, C_LOW_TVR_L_WITH_MULTI_GTHALF_M_FULL_LV_S2NO-LYES, 50061, 4882, 10593, 3063, 3, "['--seed=3348', '--account-count=8747', '--transfer-count=8501', '--account-batch-size=24', '--transfer-batch-size=25', '--id-order=sequential', '--account-distribution=zipfian']"
1, C_LOW_TVR_L_POST_SINGLE_NONFULL_M_LTHALF_LV_S2NO-LYES, 52164, 4491, 10537, 2640, 3, "['--seed=3348', '--account-count=8747', '--transfer-count=8501', '--account-batch-size=24', '--transfer-batch-size=25', '--id-order=sequential', '--account-distribution=zipfian']"
1, C_LOW_TVR_L_POST_SINGLE_LTHALF_M_LTHALF_LV_S2NO-LYES, 50510, 4638, 10596, 2923, 3, "['--seed=3348', '--account-count=8747', '--transfer-count=8501', '--account-batch-size=24', '--transfer-batch-size=25', '--id-order=sequential', '--account-distribution=zipfian']"
1, C_LOW_TVR_L_POST_SINGLE_GTHALF_M_LTHALF_LV_S2NO-LYES, 51358, 4855, 10636, 2747, 3, "['--seed=3348', '--account-count=8747', '--transfer-count=8501', '--account-batch-size=24', '--transfer-batch-size=25', '--id-order=sequential', '--account-distribution=zipfian']"
1, C_LOW_TVR_L_WITH_SINGLE_NONFULL_M_LTHALF_LV_S2NO-LYES, 50806, 4725, 10603, 2981, 3, "['--seed=3348', '--account-count=8747', '--transfer-count=8501', '--account-batch-size=24', '--transfer-batch-size=25', '--id-order=sequential', '--account-distribution=zipfian']"
1, C_LOW_TVR_L_WITH_SINGLE_LTHALF_M_LTHALF_LV_S2NO-LYES, 50255, 4732, 10592, 2988, 3, "['--seed=3348', '--account-count=8747', '--transfer-count=8501', '--account-batch-size=24', '--transfer-batch-size=25', '--id-order=sequential', '--account-distribution=zipfian']"
1, C_LOW_TVR_L_WITH_SINGLE_GTHALF_M_LTHALF_LV_S2NO-LYES, 48957, 4946, 10609, 3159, 3, "['--seed=3348', '--account-count=8747', '--transfer-count=8501', '--account-batch-size=24', '--transfer-batch-size=25', '--id-order=sequential', '--account-distribution=zipfian']"
1, C_LOW_TVR_L_POST_MULTI_NONFULL_M_LTHALF_LV_S2NO-LYES, 52164, 4492, 10537, 2640, 3, "['--seed=3348', '--account-count=8747', '--transfer-count=8501', '--account-batch-size=24', '--transfer-batch-size=25', '--id-order=sequential', '--account-distribution=zipfian']"
1, C_LOW_TVR_L_POST_MULTI_LTHALF_M_LTHALF_LV_S2NO-LYES, 50509, 4638, 10596, 2923, 3, "['--seed=3348', '--account-count=8747', '--transfer-count=8501', '--account-batch-size=24', '--transfer-batch-size=25', '--id-order=sequential', '--account-distribution=zipfian']"
1, C_LOW_TVR_L_POST_MULTI_GTHALF_M_LTHALF_LV_S2NO-LYES, 53877, 4854, 10636, 2747, 3, "['--seed=3348', '--account-count=8747', '--transfer-count=8501', '--account-batch-size=24', '--transfer-batch-size=25', '--id-order=sequential', '--account-distribution=zipfian']"
1, C_LOW_TVR_L_WITH_MULTI_NONFULL_M_LTHALF_LV_S2NO-LYES, 50563, 4742, 10586, 2976, 3, "['--seed=3348', '--account-count=8747', '--transfer-count=8501', '--account-batch-size=24', '--transfer-batch-size=25', '--id-order=sequential', '--account-distribution=zipfian']"
1, C_LOW_TVR_L_WITH_MULTI_LTHALF_M_LTHALF_LV_S2NO-LYES, 50234, 4762, 10592, 3002, 3, "['--seed=3348', '--account-count=8747', '--transfer-count=8501', '--account-batch-size=24', '--transfer-batch-size=25', '--id-order=sequential', '--account-distribution=zipfian']"
1, C_LOW_TVR_L_WITH_MULTI_GTHALF_M_LTHALF_LV_S2NO-LYES, 49084, 4944, 10609, 3159, 3, "['--seed=3348', '--account-count=8747', '--transfer-count=8501', '--account-batch-size=24', '--transfer-batch-size=25', '--id-order=sequential', '--account-distribution=zipfian']"
1, C_LOW_TVR_L_POST_SINGLE_NONFULL_M_GTHALF_LV_S2NO-LYES, 52164, 4491, 10537, 2640, 3, "['--seed=3348', '--account-count=8747', '--transfer-count=8501', '--account-batch-size=24', '--transfer-batch-size=25', '--id-order=sequential', '--account-distribution=zipfian']"
1, C_LOW_TVR_L_POST_SINGLE_LTHALF_M_GTHALF_LV_S2NO-LYES, 50510, 4638, 10596, 2923, 3, "['--seed=3348', '--account-count=8747', '--transfer-count=8501', '--account-batch-size=24', '--transfer-batch-size=25', '--id-order=sequential', '--account-distribution=zipfian']"
1, C_LOW_TVR_L_POST_SINGLE_GTHALF_M_GTHALF_LV_S2NO-LYES, 51358, 4855, 10636, 2747, 3, "['--seed=3348', '--account-count=8747', '--transfer-count=8501', '--account-batch-size=24', '--transfer-batch-size=25', '--id-order=sequential', '--account-distribution=zipfian']"
1, C_LOW_TVR_L_WITH_SINGLE_NONFULL_M_GTHALF_LV_S2NO-LYES, 50806, 4725, 10603, 2981, 3, "['--seed=3348', '--account-count=8747', '--transfer-count=8501', '--account-batch-size=24', '--transfer-batch-size=25', '--id-order=sequential', '--account-distribution=zipfian']"
1, C_LOW_TVR_L_WITH_SINGLE_LTHALF_M_GTHALF_LV_S2NO-LYES, 50255, 4732, 10592, 2988, 3, "['--seed=3348', '--account-count=8747', '--transfer-count=8501', '--account-batch-size=24', '--transfer-batch-size=25', '--id-order=sequential', '--account-distribution=zipfian']"
1, C_LOW_TVR_L_WITH_SINGLE_GTHALF_M_GTHALF_LV_S2NO-LYES, 48957, 4946, 10609, 3159, 3, "['--seed=3348', '--account-count=8747', '--transfer-count=8501', '--account-batch-size=24', '--transfer-batch-size=25', '--id-order=sequential', '--account-distribution=zipfian']"
1, C_LOW_TVR_L_POST_MULTI_NONFULL_M_GTHALF_LV_S2NO-LYES, 52164, 4492, 10537, 2640, 3, "['--seed=3348', '--account-count=8747', '--transfer-count=8501', '--account-batch-size=24', '--transfer-batch-size=25', '--id-order=sequential', '--account-distribution=zipfian']"
1, C_LOW_TVR_L_POST_MULTI_LTHALF_M_GTHALF_LV_S2NO-LYES, 50509, 4638, 10596, 2923, 3, "['--seed=3348', '--account-count=8747', '--transfer-count=8501', '--account-batch-size=24', '--transfer-batch-size=25', '--id-order=sequential', '--account-distribution=zipfian']"
1, C_LOW_TVR_L_POST_MULTI_GTHALF_M_GTHALF_LV_S2NO-LYES, 53877, 4854, 10636, 2747, 3, "['--seed=3348', '--account-count=8747', '--transfer-count=8501', '--account-batch-size=24', '--transfer-batch-size=25', '--id-order=sequential', '--account-distribution=zipfian']"
1, C_LOW_TVR_L_WITH_MULTI_NONFULL_M_GTHALF_LV_S2NO-LYES, 50563, 4742, 10586, 2976, 3, "['--seed=3348', '--account-count=8747', '--transfer-count=8501', '--account-batch-size=24', '--transfer-batch-size=25', '--id-order=sequential', '--account-distribution=zipfian']"
1, C_LOW_TVR_L_WITH_MULTI_LTHALF_M_GTHALF_LV_S2NO-LYES, 50234, 4762, 10592, 3002, 3, "['--seed=3348', '--account-count=8747', '--transfer-count=8501', '--account-batch-size=24', '--transfer-batch-size=25', '--id-order=sequential', '--account-distribution=zipfian']"
1, C_LOW_TVR_L_WITH_MULTI_GTHALF_M_GTHALF_LV_S2NO-LYES, 49084, 4944, 10609, 3159, 3, "['--seed=3348', '--account-count=8747', '--transfer-count=8501', '--account-batch-size=24', '--transfer-batch-size=25', '--id-order=sequential', '--account-distribution=zipfian']"
